No,物件名／所在地,媒体（レインズ/スーモ/アットホーム/業者紹介）,出した日,お客様（イニシャル）,徹さん判定（OK/NG/未）,NGの理由,買付（提出日）,事前審査（申込日）,銀行名,審査結果（通過/否決/未申込）,否決の理由,契約日,決済（済/未）,決済日,止まった理由・備考
1,,,,,,,,,,,,,,,
2,,,,,,,,,,,,,,,
3,,,,,,,,,,,,,,,
4,,,,,,,,,,,,,,,
5,,,,,,,,,,,,,,,
6,,,,,,,,,,,,,,,
7,,,,,,,,,,,,,,,
8,,,,,,,,,,,,,,,
9,,,,,,,,,,,,,,,
10,,,,,,,,,,,,,,,
11,,,,,,,,,,,,,,,
12,,,,,,,,,,,,,,,
13,,,,,,,,,,,,,,,
14,,,,,,,,,,,,,,,
15,,,,,,,,,,,,,,,
16,,,,,,,,,,,,,,,
17,,,,,,,,,,,,,,,
18,,,,,,,,,,,,,,,
19,,,,,,,,,,,,,,,
20,,,,,,,,,,,,,,,
